description,Solution 0,Solution 1,Solution 2,Solution 3,Solution 4,Solution 5,Solution 6,Solution 7,Solution 8,Solution 9,Solution 10,Solution 11,Solution 12,Solution 13,Solution 14,Solution 15
% crítico,89.0,93.0,94.0,94.0,91.0,90.0,90.0,90.0,91.0,88.0,94.0,89.0,92.0,91.0,91.0,91.0
% resistencia a la tierra,39.0,31.0,31.0,35.0,31.0,36.0,36.0,14.0,28.0,31.0,35.0,35.0,28.0,22.0,22.0,22.0
% resistencia al agua,29.0,15.0,15.0,25.0,15.0,20.0,20.0,23.0,13.0,15.0,25.0,25.0,30.0,33.0,33.0,33.0
% resistencia al aire,19.0,33.0,33.0,18.0,33.0,29.0,29.0,17.0,21.0,33.0,18.0,18.0,21.0,16.0,16.0,16.0
% resistencia al fuego,29.0,20.0,19.0,17.0,19.0,14.0,14.0,30.0,13.0,19.0,17.0,17.0,17.0,18.0,18.0,18.0
% resistencia neutral,34.0,15.0,22.0,23.0,22.0,15.0,15.0,32.0,18.0,22.0,23.0,23.0,13.0,26.0,26.0,26.0
-special spell-,0.0,0.0,0.0,0.0,0.0,0.0,0.0,0.0,0.0,0.0,0.0,0.0,0.0,0.0,0.0,0.0
Actitud,736.0,555.0,555.0,555.0,555.0,369.0,369.0,555.0,555.0,555.0,555.0,555.0,555.0,369.0,369.0,369.0
Bonus de set,2.0,3.0,3.0,3.0,3.0,3.0,3.0,3.0,2.0,3.0,3.0,3.0,3.0,3.0,3.0,3.0
Intercambiable:,0.0,0.0,0.0,0.0,0.0,0.0,0.0,0.0,0.0,0.0,0.0,0.0,0.0,0.0,0.0,0.0
PA,12.0,12.0,12.0,12.0,12.0,12.0,12.0,12.0,12.0,13.0,12.0,12.0,12.0,12.0,12.0,12.0
PM,5.0,5.0,5.0,5.0,5.0,5.0,5.0,5.0,5.0,5.0,5.0,5.0,5.0,5.0,5.0,5.0
a la esquiva pérdidas de PM,10.0,-7.0,-11.0,22.0,-11.0,-11.0,-11.0,15.0,-12.0,-11.0,22.0,22.0,-3.0,40.0,40.0,40.0
agilidad,636.0,686.0,746.0,436.0,746.0,536.0,536.0,556.0,556.0,746.0,436.0,436.0,326.0,501.0,501.0,561.0
alcance,6.0,6.0,6.0,6.0,6.0,6.0,6.0,6.0,6.0,6.0,6.0,6.0,6.0,6.0,6.0,6.0
de daño crítico,67.0,167.0,187.0,112.0,187.0,237.0,237.0,96.0,101.0,147.0,112.0,72.0,194.0,157.0,157.0,157.0
de daño de agua,130.0,95.0,82.0,85.0,57.0,35.0,35.0,109.0,94.0,82.0,60.0,85.0,42.0,55.0,55.0,55.0
de daño de aire,100.0,112.0,107.0,75.0,82.0,80.0,80.0,84.0,104.0,107.0,50.0,75.0,49.0,72.0,72.0,72.0
de daño de fuego,120.0,65.0,60.0,90.0,41.0,60.0,60.0,99.0,84.0,60.0,65.0,90.0,64.0,62.0,62.0,62.0
de daño de tierra,130.0,88.0,75.0,100.0,50.0,55.0,55.0,85.0,105.0,75.0,75.0,100.0,57.0,45.0,45.0,45.0
de daño neutro,130.0,88.0,75.0,95.0,50.0,35.0,35.0,85.0,85.0,75.0,70.0,95.0,52.0,35.0,35.0,35.0
de daños de agua,15.0,,,,,,,15.0,,,,,,,,
de daños de aire,15.0,,,,,35.0,35.0,15.0,35.0,,,,,,,
de daños de fuego,15.0,,,30.0,,,,15.0,,,30.0,30.0,30.0,,,
de daños de tierra,15.0,,,30.0,,35.0,35.0,15.0,35.0,,30.0,30.0,30.0,,,
de resistencia a los críticos,96.0,-48.0,-32.0,78.0,-32.0,-62.0,-62.0,76.0,64.0,-32.0,78.0,78.0,-62.0,-9.0,-9.0,-9.0
fuerza,736.0,496.0,496.0,506.0,496.0,426.0,366.0,496.0,496.0,496.0,506.0,506.0,336.0,266.0,326.0,266.0
huida,80.0,68.0,74.0,60.0,74.0,63.0,63.0,61.0,68.0,74.0,70.0,60.0,52.0,56.0,56.0,62.0
iniciativa,2924.0,3034.0,3154.0,3084.0,3154.0,3684.0,3684.0,2394.0,2524.0,3154.0,3084.0,3084.0,3524.0,3254.0,3254.0,3254.0
inteligencia,736.0,416.0,476.0,506.0,476.0,516.0,576.0,656.0,496.0,476.0,506.0,506.0,396.0,416.0,416.0,416.0
invocaciones,2.0,1.0,1.0,1.0,1.0,4.0,4.0,2.0,2.0,1.0,1.0,1.0,4.0,1.0,1.0,1.0
placaje,63.0,97.0,97.0,98.0,97.0,76.0,76.0,70.0,95.0,97.0,88.0,98.0,88.0,89.0,89.0,95.0
potencia (daños generales),270.0,375.0,300.0,530.0,300.0,250.0,250.0,375.0,410.0,300.0,530.0,600.0,440.0,490.0,490.0,490.0
prospección,127.0,103.0,123.0,78.0,123.0,140.0,140.0,129.0,113.0,123.0,78.0,78.0,116.0,62.0,56.0,56.0
sabiduría,190.0,330.0,330.0,225.0,330.0,410.0,410.0,230.0,200.0,330.0,225.0,225.0,390.0,325.0,325.0,325.0
suerte,816.0,536.0,536.0,436.0,536.0,306.0,306.0,686.0,576.0,536.0,436.0,436.0,266.0,371.0,311.0,311.0
vitalidad,4150.0,4050.0,3800.0,4250.0,3800.0,3850.0,3850.0,4250.0,4250.0,3800.0,4250.0,4650.0,4300.0,4000.0,4000.0,4000.0
Fitness,2039.908,2220.806,2218.7929999999997,2112.518,2096.572,2077.84,2077.84,2019.265,2015.712,2013.551,2012.518,2011.8680000000002,2004.694,2003.252,2003.252,2003.252
Weapon,Arco de vueloceronte,Arco de Tentenhuevo,Arco de Tentenhuevo,Yaularco,Arco de Tentenhuevo,Varita de Torkelonia,Varita de Torkelonia,Arco de vueloceronte,Varita de Torkelonia,Arco de Tentenhuevo,Yaularco,Yaularco,Yaularco,Arco de dantartánico,Arco de dantartánico,Arco de dantartánico
Weapon damage,1536.7187999999999,1578.17,1558.42,1231.92,1483.42,1356.9,1329.9,1533.92,1343.4,1438.42,1181.92,1202.3200000000002,1161.3200000000002,1091.71,1104.31,1118.71
Weapon AP cost,5,5,5,5,5,6,6,5,6,5,5,5,5,4,4,4
Weapon casts per turn,1,1,1,1,1,1,1,1,1,1,1,1,1,1,1,1
Spell damage,2039.908,2220.806,2218.7929999999997,2112.518,2096.572,2077.84,2077.84,2019.265,2015.712,2013.551,2012.518,2011.8680000000002,2004.694,2003.252,2003.252,2003.252
de cura,,15.0,27.0,7.0,27.0,77.0,77.0,,7.0,27.0,7.0,7.0,57.0,15.0,15.0,15.0
de daño de empuje,,90.0,105.0,,105.0,65.0,65.0,,,105.0,,,125.0,,,
de daños neutrales,,41.0,41.0,,41.0,,,,,41.0,,,,,,
de resistencia a la tierra,,10.0,10.0,,10.0,25.0,25.0,,15.0,10.0,,,10.0,10.0,10.0,10.0
de resistencia al agua,,12.0,12.0,,12.0,27.0,27.0,,15.0,12.0,,,,12.0,12.0,12.0
de resistencia al aire,,10.0,10.0,,10.0,10.0,10.0,,,10.0,,,10.0,10.0,10.0,10.0
de robo de agua,,9.0,9.0,,9.0,,,,,9.0,,,,,,
de robo de aire,,9.0,9.0,,9.0,,,,,9.0,,,,30.0,30.0,30.0
esquiva de PA,,24.0,16.0,16.0,16.0,22.0,22.0,,16.0,16.0,16.0,16.0,49.0,1.0,1.0,1.0
supresión PA,,6.0,6.0,,6.0,6.0,6.0,,,6.0,,,,6.0,6.0,6.0
de resistencia al empuje,,,,15.0,,-30.0,-30.0,20.0,,,15.0,15.0,-45.0,30.0,30.0,30.0
Fértil,,,,,,,,,,0.0,,0.0,,,,
de robo neutral,,,,,,,,,,,,,,6.0,6.0,6.0
