description,Solution 0,Solution 1,Solution 2,Solution 3,Solution 4,Solution 5,Solution 6,Solution 7,Solution 8,Solution 9,Solution 10,Solution 11,Solution 12,Solution 13,Solution 14,Solution 15,Solution 16,Solution 17,Solution 18,Solution 19,Solution 20,Solution 21,Solution 22,Solution 23,Solution 24,Solution 25,Solution 26,Solution 27,Solution 28,Solution 29,Solution 30,Solution 31,Solution 32,Solution 33,Solution 34,Solution 35,Solution 36,Solution 37,Solution 38,Solution 39,Solution 40,Solution 41,Solution 42,Solution 43,Solution 44,Solution 45,Solution 46,Solution 47,Solution 48,Solution 49,Solution 50,Solution 51,Solution 52,Solution 53,Solution 54,Solution 55,Solution 56,Solution 57,Solution 58,Solution 59,Solution 60,Solution 61,Solution 62,Solution 63,Solution 64,Solution 65,Solution 66,Solution 67,Solution 68,Solution 69,Solution 70,Solution 71,Solution 72,Solution 73,Solution 74,Solution 75,Solution 76,Solution 77,Solution 78,Solution 79,Solution 80,Solution 81,Solution 82,Solution 83,Solution 84,Solution 85,Solution 86,Solution 87,Solution 88,Solution 89,Solution 90,Solution 91,Solution 92,Solution 93,Solution 94,Solution 95,Solution 96,Solution 97,Solution 98,Solution 99,Solution 100,Solution 101,Solution 102,Solution 103,Solution 104,Solution 105,Solution 106,Solution 107,Solution 108,Solution 109,Solution 110,Solution 111,Solution 112,Solution 113,Solution 114,Solution 115,Solution 116,Solution 117,Solution 118,Solution 119,Solution 120,Solution 121,Solution 122,Solution 123,Solution 124,Solution 125,Solution 126,Solution 127,Solution 128,Solution 129,Solution 130,Solution 131,Solution 132,Solution 133,Solution 134,Solution 135,Solution 136,Solution 137,Solution 138,Solution 139,Solution 140,Solution 141,Solution 142,Solution 143,Solution 144,Solution 145,Solution 146,Solution 147,Solution 148,Solution 149
% crítico,-26.0,-37.0,-37.0,-17.0,-34.0,-22.0,-49.0,-37.0,-37.0,-37.0,-37.0,-47.0,-35.0,-49.0,-37.0,-22.0,-32.0,-2.0,-2.0,-35.0,-35.0,-47.0,-42.0,-54.0,12.0,-27.0,-47.0,-47.0,-41.0,-35.0,-47.0,-47.0,-47.0,-23.0,-35.0,1.0,1.0,-47.0,-41.0,-38.0,-37.0,-17.0,-52.0,-52.0,16.0,-32.0,-38.0,-37.0,-26.0,-41.0,-41.0,-5.0,-38.0,-37.0,-2.0,-38.0,-39.0,16.0,16.0,-45.0,-49.0,-32.0,-20.0,-40.0,-37.0,-23.0,-37.0,-29.0,4.0,-8.0,-8.0,-24.0,-37.0,-17.0,-2.0,-42.0,8.0,-4.0,-23.0,-27.0,-32.0,-38.0,8.0,-4.0,-18.0,-24.0,-24.0,-42.0,-15.0,-15.0,-26.0,-2.0,-42.0,-36.0,-16.0,-17.0,-17.0,-17.0,-52.0,-48.0,-40.0,-38.0,-38.0,-38.0,-38.0,-38.0,-32.0,-38.0,-38.0,-38.0,-27.0,-4.0,-38.0,-26.0,-2.0,-2.0,-42.0,-27.0,-34.0,-27.0,-5.0,-42.0,-17.0,-17.0,6.0,-19.0,-35.0,6.0,6.0,-52.0,-4.0,-38.0,-38.0,-7.0,-7.0,-41.0,3.0,-4.0,-10.0,-21.0,-40.0,-5.0,-27.0,-27.0,-27.0,-27.0,-9.0,-37.0,5.0,-32.0
% daños a los hechizos,2.0,2.0,2.0,2.0,2.0,2.0,2.0,2.0,2.0,2.0,2.0,2.0,2.0,2.0,2.0,2.0,2.0,2.0,2.0,2.0,2.0,2.0,2.0,2.0,2.0,2.0,2.0,2.0,2.0,2.0,2.0,2.0,2.0,2.0,2.0,2.0,2.0,2.0,2.0,2.0,2.0,2.0,2.0,2.0,2.0,2.0,2.0,2.0,2.0,2.0,2.0,2.0,2.0,2.0,2.0,2.0,2.0,2.0,2.0,2.0,2.0,2.0,2.0,2.0,2.0,2.0,2.0,2.0,2.0,2.0,2.0,2.0,2.0,2.0,2.0,2.0,2.0,2.0,2.0,2.0,2.0,2.0,2.0,2.0,2.0,2.0,2.0,2.0,2.0,2.0,2.0,2.0,2.0,2.0,2.0,2.0,2.0,2.0,2.0,2.0,2.0,2.0,2.0,2.0,2.0,2.0,2.0,2.0,2.0,2.0,2.0,2.0,2.0,2.0,2.0,2.0,2.0,2.0,2.0,2.0,2.0,2.0,2.0,2.0,2.0,2.0,2.0,2.0,2.0,2.0,2.0,2.0,2.0,2.0,2.0,2.0,2.0,2.0,2.0,2.0,2.0,2.0,2.0,2.0,2.0,2.0,2.0,2.0,2.0,2.0
% resistencia CaC,10.0,10.0,10.0,10.0,10.0,10.0,10.0,10.0,10.0,10.0,10.0,10.0,10.0,10.0,10.0,10.0,10.0,10.0,10.0,10.0,10.0,10.0,10.0,10.0,10.0,10.0,10.0,10.0,10.0,10.0,10.0,10.0,10.0,10.0,10.0,10.0,10.0,10.0,10.0,10.0,10.0,10.0,10.0,10.0,10.0,10.0,10.0,10.0,10.0,10.0,10.0,10.0,10.0,10.0,10.0,10.0,10.0,10.0,10.0,10.0,10.0,10.0,10.0,10.0,10.0,10.0,10.0,10.0,10.0,10.0,10.0,10.0,10.0,10.0,10.0,10.0,10.0,10.0,10.0,10.0,10.0,10.0,10.0,10.0,10.0,10.0,10.0,10.0,10.0,10.0,10.0,10.0,10.0,10.0,10.0,10.0,10.0,10.0,10.0,10.0,10.0,10.0,10.0,10.0,10.0,10.0,10.0,10.0,10.0,10.0,10.0,10.0,10.0,10.0,10.0,10.0,10.0,10.0,10.0,10.0,10.0,10.0,10.0,10.0,15.0,10.0,10.0,10.0,10.0,10.0,10.0,10.0,10.0,10.0,10.0,10.0,10.0,10.0,10.0,10.0,10.0,10.0,10.0,10.0,10.0,10.0,10.0,10.0,15.0,10.0
% resistencia a la tierra,24.0,31.0,31.0,31.0,31.0,31.0,31.0,31.0,31.0,31.0,31.0,24.0,24.0,24.0,24.0,21.0,21.0,29.0,29.0,31.0,31.0,31.0,24.0,24.0,27.0,21.0,24.0,24.0,24.0,31.0,28.0,31.0,31.0,22.0,22.0,21.0,21.0,21.0,22.0,24.0,31.0,21.0,31.0,41.0,27.0,32.0,32.0,32.0,32.0,30.0,22.0,20.0,31.0,31.0,21.0,21.0,24.0,27.0,27.0,31.0,31.0,29.0,22.0,22.0,28.0,32.0,24.0,22.0,21.0,21.0,20.0,29.0,31.0,28.0,29.0,24.0,22.0,22.0,32.0,21.0,24.0,24.0,22.0,22.0,29.0,29.0,29.0,24.0,28.0,28.0,32.0,22.0,31.0,41.0,21.0,21.0,21.0,21.0,24.0,21.0,41.0,24.0,24.0,24.0,24.0,24.0,24.0,24.0,24.0,24.0,29.0,22.0,21.0,32.0,22.0,22.0,24.0,21.0,28.0,28.0,24.0,24.0,21.0,21.0,32.0,31.0,21.0,37.0,37.0,41.0,22.0,21.0,22.0,37.0,37.0,24.0,22.0,22.0,21.0,22.0,41.0,29.0,24.0,24.0,24.0,24.0,28.0,31.0,24.0,21.0
% resistencia al agua,38.0,24.0,24.0,31.0,31.0,31.0,24.0,24.0,24.0,24.0,24.0,24.0,24.0,24.0,24.0,38.0,41.0,27.0,27.0,21.0,21.0,21.0,24.0,24.0,27.0,39.0,21.0,38.0,38.0,21.0,21.0,21.0,29.0,31.0,31.0,20.0,20.0,21.0,21.0,38.0,24.0,29.0,21.0,21.0,20.0,31.0,31.0,39.0,29.0,21.0,21.0,27.0,21.0,24.0,20.0,28.0,24.0,30.0,30.0,32.0,22.0,21.0,31.0,29.0,24.0,29.0,24.0,24.0,30.0,30.0,27.0,29.0,22.0,25.0,23.0,24.0,31.0,31.0,29.0,41.0,32.0,32.0,31.0,31.0,29.0,29.0,29.0,22.0,25.0,25.0,29.0,28.0,22.0,21.0,29.0,29.0,29.0,29.0,32.0,32.0,21.0,32.0,32.0,32.0,32.0,32.0,32.0,32.0,32.0,32.0,21.0,21.0,22.0,29.0,28.0,28.0,24.0,39.0,21.0,21.0,24.0,24.0,29.0,29.0,27.0,24.0,28.0,22.0,22.0,21.0,21.0,22.0,24.0,29.0,29.0,31.0,21.0,21.0,21.0,29.0,21.0,21.0,22.0,22.0,22.0,22.0,25.0,24.0,27.0,22.0
% resistencia al aire,21.0,31.0,31.0,21.0,21.0,21.0,31.0,31.0,31.0,31.0,31.0,38.0,38.0,31.0,31.0,21.0,31.0,23.0,23.0,31.0,31.0,31.0,31.0,31.0,23.0,39.0,31.0,28.0,28.0,31.0,31.0,31.0,31.0,25.0,25.0,34.0,34.0,31.0,35.0,21.0,31.0,29.0,31.0,31.0,23.0,25.0,25.0,25.0,35.0,35.0,35.0,30.0,38.0,31.0,41.0,38.0,31.0,23.0,23.0,31.0,38.0,42.0,25.0,35.0,31.0,35.0,31.0,45.0,23.0,23.0,37.0,25.0,38.0,28.0,27.0,31.0,22.0,22.0,35.0,39.0,31.0,31.0,22.0,22.0,25.0,25.0,25.0,38.0,28.0,28.0,35.0,22.0,38.0,38.0,29.0,29.0,29.0,29.0,48.0,55.0,31.0,31.0,31.0,31.0,31.0,31.0,31.0,39.0,31.0,31.0,25.0,32.0,45.0,35.0,22.0,22.0,31.0,39.0,31.0,31.0,21.0,31.0,29.0,29.0,20.0,21.0,31.0,25.0,25.0,31.0,32.0,45.0,45.0,23.0,23.0,21.0,29.0,29.0,28.0,35.0,31.0,39.0,41.0,49.0,49.0,41.0,28.0,21.0,33.0,45.0
% resistencia al fuego,21.0,21.0,21.0,31.0,31.0,31.0,21.0,21.0,21.0,21.0,21.0,21.0,21.0,24.0,24.0,28.0,21.0,35.0,35.0,21.0,21.0,21.0,24.0,24.0,25.0,21.0,22.0,21.0,21.0,21.0,23.0,21.0,21.0,20.0,20.0,29.0,29.0,26.0,20.0,21.0,21.0,21.0,29.0,29.0,25.0,20.0,20.0,20.0,20.0,20.0,20.0,23.0,28.0,21.0,29.0,25.0,24.0,25.0,25.0,21.0,28.0,24.0,20.0,20.0,23.0,20.0,24.0,20.0,22.0,22.0,23.0,25.0,28.0,31.0,21.0,24.0,27.0,27.0,20.0,21.0,22.0,22.0,27.0,27.0,25.0,25.0,25.0,31.0,31.0,31.0,20.0,27.0,38.0,22.0,21.0,21.0,21.0,21.0,21.0,21.0,29.0,30.0,22.0,22.0,22.0,22.0,22.0,22.0,22.0,22.0,25.0,27.0,21.0,20.0,27.0,27.0,24.0,21.0,23.0,23.0,22.0,24.0,21.0,21.0,25.0,21.0,21.0,25.0,25.0,29.0,27.0,21.0,20.0,27.0,27.0,24.0,34.0,34.0,28.0,20.0,29.0,27.0,22.0,22.0,22.0,22.0,31.0,21.0,21.0,21.0
% resistencia neutral,21.0,28.0,28.0,28.0,28.0,28.0,28.0,28.0,28.0,28.0,28.0,21.0,21.0,21.0,21.0,28.0,33.0,33.0,33.0,35.0,35.0,35.0,31.0,31.0,41.0,23.0,38.0,28.0,28.0,35.0,35.0,35.0,35.0,21.0,21.0,27.0,27.0,28.0,28.0,21.0,28.0,28.0,45.0,35.0,34.0,21.0,21.0,21.0,21.0,28.0,28.0,32.0,35.0,28.0,34.0,35.0,31.0,34.0,34.0,28.0,28.0,35.0,21.0,28.0,28.0,21.0,21.0,28.0,25.0,25.0,39.0,43.0,28.0,30.0,25.0,31.0,21.0,21.0,21.0,23.0,29.0,29.0,21.0,21.0,43.0,43.0,43.0,31.0,30.0,30.0,21.0,28.0,28.0,28.0,28.0,28.0,28.0,28.0,26.0,26.0,35.0,29.0,29.0,29.0,29.0,29.0,29.0,29.0,29.0,29.0,43.0,21.0,26.0,21.0,28.0,28.0,31.0,23.0,35.0,35.0,21.0,31.0,28.0,28.0,39.0,28.0,28.0,34.0,34.0,35.0,21.0,26.0,28.0,26.0,26.0,21.0,21.0,21.0,23.0,21.0,35.0,21.0,29.0,29.0,29.0,29.0,30.0,28.0,24.0,26.0
-special spell-,0.0,0.0,0.0,0.0,0.0,0.0,0.0,0.0,0.0,0.0,0.0,0.0,0.0,0.0,0.0,0.0,0.0,0.0,0.0,0.0,0.0,0.0,0.0,0.0,0.0,0.0,0.0,0.0,0.0,0.0,0.0,0.0,0.0,0.0,0.0,0.0,0.0,0.0,0.0,0.0,0.0,0.0,0.0,0.0,0.0,0.0,0.0,0.0,0.0,0.0,0.0,0.0,0.0,0.0,0.0,0.0,0.0,0.0,0.0,0.0,0.0,0.0,0.0,0.0,0.0,0.0,0.0,0.0,0.0,0.0,0.0,0.0,0.0,0.0,0.0,0.0,0.0,0.0,0.0,0.0,0.0,0.0,0.0,0.0,0.0,0.0,0.0,0.0,0.0,0.0,0.0,0.0,0.0,0.0,0.0,0.0,0.0,0.0,0.0,0.0,0.0,0.0,0.0,0.0,0.0,0.0,0.0,0.0,0.0,0.0,0.0,0.0,0.0,0.0,0.0,0.0,0.0,0.0,0.0,0.0,0.0,0.0,0.0,0.0,0.0,0.0,0.0,0.0,0.0,0.0,0.0,0.0,0.0,0.0,0.0,0.0,0.0,0.0,0.0,0.0,0.0,0.0,0.0,0.0,0.0,0.0,0.0,0.0,0.0,0.0
Actitud,552.0,366.0,552.0,552.0,366.0,552.0,475.0,475.0,366.0,475.0,661.0,475.0,661.0,475.0,661.0,552.0,552.0,366.0,552.0,366.0,552.0,366.0,661.0,475.0,552.0,552.0,366.0,366.0,366.0,366.0,366.0,366.0,366.0,366.0,366.0,366.0,552.0,366.0,366.0,366.0,366.0,552.0,366.0,366.0,552.0,366.0,366.0,366.0,366.0,366.0,366.0,552.0,366.0,366.0,552.0,366.0,475.0,366.0,552.0,366.0,366.0,366.0,366.0,552.0,366.0,366.0,475.0,366.0,366.0,366.0,552.0,552.0,366.0,552.0,366.0,475.0,552.0,366.0,366.0,366.0,366.0,366.0,366.0,366.0,366.0,366.0,366.0,366.0,552.0,366.0,366.0,366.0,366.0,366.0,366.0,366.0,366.0,366.0,366.0,366.0,366.0,366.0,366.0,366.0,366.0,366.0,366.0,366.0,366.0,366.0,366.0,366.0,366.0,366.0,366.0,366.0,661.0,366.0,366.0,366.0,366.0,475.0,366.0,366.0,552.0,366.0,366.0,552.0,366.0,366.0,366.0,366.0,366.0,366.0,366.0,366.0,366.0,366.0,366.0,366.0,366.0,366.0,366.0,366.0,366.0,366.0,366.0,366.0,366.0,366.0
Bonus de set,2.0,1.0,1.0,1.0,1.0,1.0,1.0,1.0,1.0,1.0,1.0,1.0,1.0,1.0,1.0,1.0,1.0,1.0,1.0,1.0,1.0,1.0,1.0,1.0,1.0,1.0,1.0,3.0,3.0,1.0,1.0,1.0,1.0,1.0,1.0,1.0,1.0,1.0,1.0,2.0,1.0,1.0,1.0,1.0,1.0,2.0,2.0,3.0,3.0,1.0,1.0,1.0,1.0,1.0,1.0,1.0,1.0,1.0,1.0,1.0,1.0,1.0,1.0,2.0,1.0,3.0,1.0,1.0,1.0,1.0,1.0,2.0,1.0,1.0,1.0,1.0,1.0,1.0,3.0,1.0,3.0,3.0,1.0,1.0,2.0,2.0,2.0,1.0,1.0,1.0,3.0,1.0,1.0,1.0,1.0,1.0,1.0,1.0,1.0,1.0,1.0,3.0,3.0,3.0,3.0,3.0,3.0,3.0,3.0,3.0,2.0,1.0,1.0,3.0,1.0,1.0,1.0,1.0,1.0,1.0,1.0,1.0,1.0,1.0,1.0,1.0,1.0,1.0,1.0,1.0,1.0,1.0,1.0,1.0,1.0,1.0,1.0,1.0,1.0,2.0,1.0,1.0,3.0,3.0,3.0,3.0,1.0,1.0,1.0,1.0
Fértil,0.0,,,0.0,0.0,0.0,,,0.0,,,,,,,0.0,0.0,,,0.0,0.0,0.0,,,,0.0,0.0,0.0,0.0,0.0,0.0,0.0,0.0,,,0.0,0.0,0.0,0.0,0.0,,0.0,0.0,0.0,,0.0,0.0,0.0,0.0,0.0,0.0,0.0,0.0,,0.0,0.0,,,,0.0,0.0,0.0,,0.0,,0.0,,0.0,0.0,0.0,0.0,0.0,0.0,0.0,0.0,,,,0.0,0.0,0.0,0.0,0.0,0.0,0.0,0.0,0.0,0.0,0.0,0.0,0.0,0.0,0.0,0.0,0.0,0.0,0.0,0.0,0.0,0.0,0.0,0.0,0.0,0.0,0.0,0.0,0.0,0.0,0.0,0.0,0.0,0.0,0.0,0.0,0.0,0.0,,0.0,0.0,0.0,,,0.0,0.0,0.0,,0.0,0.0,0.0,0.0,,0.0,0.0,0.0,0.0,,0.0,0.0,,0.0,0.0,,0.0,0.0,0.0,0.0,0.0,,,0.0
Intercambiable:,0.0,0.0,0.0,0.0,0.0,0.0,0.0,0.0,0.0,0.0,0.0,0.0,0.0,0.0,0.0,0.0,0.0,0.0,0.0,0.0,0.0,0.0,0.0,0.0,0.0,0.0,0.0,0.0,0.0,0.0,0.0,0.0,0.0,0.0,0.0,0.0,0.0,0.0,0.0,0.0,0.0,0.0,0.0,0.0,0.0,0.0,0.0,0.0,0.0,0.0,0.0,0.0,0.0,0.0,0.0,0.0,0.0,0.0,0.0,0.0,0.0,0.0,0.0,0.0,0.0,0.0,0.0,0.0,0.0,0.0,0.0,0.0,0.0,0.0,0.0,0.0,0.0,0.0,0.0,0.0,0.0,0.0,0.0,0.0,0.0,0.0,0.0,0.0,0.0,0.0,0.0,0.0,0.0,0.0,0.0,0.0,0.0,0.0,0.0,0.0,0.0,0.0,0.0,0.0,0.0,0.0,0.0,0.0,0.0,0.0,0.0,0.0,0.0,0.0,0.0,0.0,0.0,0.0,0.0,0.0,0.0,0.0,0.0,0.0,0.0,0.0,0.0,0.0,0.0,0.0,0.0,0.0,0.0,0.0,0.0,0.0,0.0,0.0,0.0,0.0,0.0,0.0,0.0,0.0,0.0,0.0,0.0,0.0,0.0,0.0
PA,12.0,12.0,12.0,12.0,12.0,12.0,12.0,12.0,12.0,12.0,12.0,12.0,12.0,12.0,12.0,12.0,12.0,12.0,12.0,12.0,12.0,12.0,12.0,12.0,12.0,12.0,12.0,12.0,12.0,12.0,12.0,12.0,12.0,12.0,12.0,12.0,12.0,12.0,12.0,12.0,12.0,12.0,12.0,12.0,12.0,12.0,12.0,12.0,12.0,12.0,12.0,12.0,12.0,12.0,12.0,12.0,12.0,12.0,12.0,12.0,12.0,12.0,12.0,12.0,12.0,12.0,12.0,12.0,12.0,12.0,12.0,12.0,12.0,12.0,12.0,12.0,12.0,12.0,12.0,12.0,12.0,12.0,12.0,12.0,12.0,12.0,12.0,12.0,12.0,12.0,12.0,12.0,12.0,12.0,12.0,12.0,12.0,12.0,12.0,12.0,12.0,12.0,12.0,12.0,12.0,12.0,12.0,12.0,12.0,12.0,12.0,12.0,12.0,12.0,12.0,12.0,12.0,12.0,12.0,12.0,12.0,12.0,12.0,12.0,12.0,12.0,12.0,12.0,12.0,12.0,12.0,12.0,12.0,12.0,12.0,12.0,12.0,12.0,12.0,12.0,12.0,12.0,12.0,12.0,12.0,12.0,12.0,12.0,12.0,12.0
PM,5.0,5.0,5.0,5.0,5.0,5.0,5.0,5.0,5.0,5.0,5.0,5.0,5.0,5.0,5.0,5.0,5.0,5.0,5.0,5.0,5.0,5.0,5.0,5.0,5.0,5.0,5.0,5.0,5.0,5.0,5.0,5.0,5.0,5.0,5.0,5.0,5.0,5.0,5.0,5.0,5.0,5.0,5.0,5.0,5.0,5.0,5.0,5.0,5.0,5.0,5.0,5.0,5.0,5.0,5.0,5.0,5.0,5.0,5.0,5.0,5.0,5.0,5.0,5.0,5.0,5.0,5.0,5.0,5.0,5.0,5.0,5.0,5.0,5.0,5.0,5.0,5.0,5.0,5.0,5.0,5.0,5.0,5.0,5.0,5.0,5.0,5.0,5.0,5.0,5.0,5.0,5.0,5.0,5.0,5.0,5.0,5.0,5.0,5.0,5.0,5.0,5.0,5.0,5.0,5.0,5.0,5.0,5.0,5.0,5.0,5.0,5.0,5.0,5.0,5.0,5.0,5.0,5.0,5.0,5.0,5.0,5.0,5.0,5.0,5.0,5.0,6.0,5.0,5.0,5.0,5.0,5.0,5.0,5.0,5.0,5.0,5.0,5.0,5.0,5.0,5.0,5.0,5.0,5.0,5.0,5.0,5.0,5.0,5.0,5.0
a la esquiva pérdidas de PM,33.0,10.0,10.0,43.0,51.0,51.0,10.0,10.0,10.0,10.0,10.0,18.0,18.0,17.0,17.0,51.0,61.0,32.0,32.0,22.0,22.0,22.0,17.0,17.0,22.0,51.0,22.0,33.0,33.0,22.0,22.0,22.0,22.0,17.0,17.0,22.0,22.0,29.0,29.0,33.0,10.0,41.0,22.0,28.0,10.0,33.0,33.0,33.0,33.0,29.0,29.0,22.0,30.0,10.0,22.0,30.0,17.0,20.0,20.0,0.0,17.0,30.0,17.0,29.0,10.0,33.0,17.0,18.0,22.0,22.0,22.0,22.0,17.0,32.0,22.0,17.0,10.0,10.0,33.0,51.0,10.0,10.0,10.0,10.0,22.0,22.0,22.0,24.0,32.0,32.0,43.0,22.0,24.0,56.0,41.0,41.0,41.0,41.0,40.0,42.0,48.0,10.0,10.0,10.0,10.0,10.0,10.0,10.0,10.0,10.0,22.0,10.0,12.0,43.0,22.0,22.0,17.0,51.0,10.0,10.0,10.0,17.0,41.0,41.0,20.0,10.0,29.0,20.0,20.0,28.0,10.0,12.0,18.0,33.0,33.0,17.0,17.0,17.0,-10.0,27.0,48.0,18.0,10.0,10.0,10.0,10.0,32.0,10.0,-2.0,12.0
agilidad,1401.0,1401.0,1401.0,1396.0,1396.0,1396.0,1441.0,1441.0,1371.0,1441.0,1441.0,1441.0,1441.0,1421.0,1421.0,1426.0,1426.0,1406.0,1406.0,1411.0,1411.0,1411.0,1426.0,1426.0,1386.0,1416.0,1411.0,1426.0,1426.0,1391.0,1431.0,1391.0,1391.0,1361.0,1361.0,1301.0,1301.0,1411.0,1411.0,1401.0,1401.0,1396.0,1396.0,1376.0,1366.0,1391.0,1331.0,1326.0,1316.0,1391.0,1391.0,1241.0,1376.0,1401.0,1286.0,1406.0,1456.0,1356.0,1356.0,1361.0,1361.0,1396.0,1361.0,1286.0,1421.0,1346.0,1421.0,1396.0,1361.0,1361.0,1226.0,1286.0,1421.0,1266.0,1351.0,1426.0,1351.0,1351.0,1316.0,1416.0,1286.0,1286.0,1321.0,1321.0,1346.0,1346.0,1286.0,1406.0,1266.0,1266.0,1316.0,1361.0,1386.0,1386.0,1396.0,1396.0,1396.0,1396.0,1416.0,1426.0,1376.0,1266.0,1266.0,1266.0,1266.0,1266.0,1266.0,1266.0,1266.0,1266.0,1246.0,1301.0,1356.0,1296.0,1341.0,1341.0,1306.0,1296.0,1361.0,1361.0,1361.0,1366.0,1276.0,1276.0,1236.0,1286.0,1261.0,1316.0,1316.0,1256.0,1331.0,1236.0,1306.0,1266.0,1266.0,1221.0,1311.0,1311.0,1251.0,1271.0,1316.0,1326.0,1196.0,1196.0,1196.0,1196.0,1266.0,1226.0,1256.0,1296.0
alcance,3.0,3.0,3.0,3.0,4.0,4.0,3.0,3.0,3.0,3.0,3.0,2.0,2.0,2.0,2.0,3.0,3.0,2.0,2.0,3.0,3.0,3.0,2.0,2.0,1.0,4.0,2.0,4.0,4.0,3.0,3.0,3.0,3.0,2.0,2.0,1.0,1.0,2.0,1.0,3.0,3.0,5.0,3.0,4.0,1.0,3.0,3.0,4.0,5.0,1.0,1.0,1.0,3.0,3.0,2.0,2.0,2.0,1.0,1.0,3.0,3.0,2.0,2.0,2.0,3.0,5.0,2.0,2.0,4.0,4.0,2.0,3.0,3.0,1.0,4.0,2.0,2.0,2.0,5.0,4.0,3.0,3.0,2.0,2.0,3.0,3.0,3.0,2.0,1.0,1.0,5.0,2.0,3.0,3.0,5.0,5.0,5.0,5.0,2.0,1.0,4.0,3.0,3.0,3.0,3.0,3.0,3.0,3.0,3.0,3.0,3.0,2.0,1.0,5.0,2.0,2.0,2.0,4.0,3.0,3.0,1.0,2.0,5.0,5.0,0.0,2.0,1.0,2.0,2.0,4.0,2.0,1.0,2.0,2.0,2.0,3.0,2.0,2.0,3.0,4.0,4.0,2.0,4.0,4.0,4.0,4.0,1.0,2.0,1.0,1.0
de cura,18.0,33.0,33.0,21.0,21.0,21.0,33.0,33.0,33.0,33.0,33.0,33.0,33.0,33.0,33.0,6.0,6.0,6.0,6.0,33.0,33.0,33.0,48.0,48.0,6.0,6.0,48.0,18.0,18.0,33.0,18.0,33.0,33.0,18.0,18.0,36.0,36.0,18.0,18.0,18.0,33.0,6.0,48.0,33.0,6.0,18.0,18.0,18.0,18.0,18.0,18.0,36.0,33.0,33.0,36.0,18.0,48.0,6.0,6.0,45.0,33.0,18.0,18.0,18.0,18.0,18.0,33.0,18.0,6.0,6.0,36.0,18.0,33.0,36.0,6.0,48.0,21.0,21.0,18.0,6.0,69.0,69.0,21.0,21.0,18.0,18.0,18.0,48.0,36.0,36.0,18.0,21.0,33.0,33.0,6.0,6.0,6.0,6.0,18.0,18.0,33.0,69.0,69.0,69.0,69.0,69.0,69.0,69.0,69.0,69.0,18.0,27.0,18.0,18.0,21.0,21.0,48.0,6.0,18.0,18.0,33.0,48.0,6.0,6.0,6.0,33.0,18.0,18.0,18.0,33.0,27.0,18.0,18.0,6.0,6.0,83.0,21.0,21.0,12.0,18.0,33.0,27.0,69.0,69.0,69.0,69.0,36.0,83.0,12.0,18.0
de daño de aire,127.0,129.0,129.0,129.0,129.0,129.0,109.0,109.0,109.0,109.0,109.0,107.0,107.0,109.0,109.0,129.0,129.0,137.0,137.0,117.0,117.0,117.0,101.0,101.0,140.0,127.0,112.0,120.0,120.0,117.0,117.0,117.0,117.0,129.0,129.0,87.0,87.0,117.0,117.0,127.0,109.0,127.0,109.0,117.0,138.0,127.0,152.0,152.0,155.0,117.0,117.0,87.0,112.0,133.0,80.0,112.0,101.0,132.0,132.0,112.0,112.0,112.0,109.0,117.0,133.0,130.0,109.0,109.0,110.0,110.0,80.0,119.0,112.0,94.0,110.0,101.0,109.0,109.0,136.0,127.0,104.0,104.0,89.0,89.0,119.0,119.0,144.0,104.0,87.0,87.0,130.0,97.0,109.0,115.0,127.0,127.0,127.0,127.0,112.0,107.0,117.0,104.0,104.0,104.0,104.0,104.0,104.0,104.0,104.0,104.0,136.0,87.0,107.0,130.0,97.0,97.0,101.0,127.0,131.0,131.0,104.0,101.0,127.0,127.0,114.0,101.0,147.0,109.0,109.0,117.0,87.0,107.0,109.0,125.0,125.0,109.0,92.0,92.0,92.0,120.0,117.0,82.0,107.0,107.0,107.0,107.0,87.0,101.0,126.0,107.0
de daño de empuje,30.0,,,,,,,,,,,10.0,10.0,,,30.0,,,,,,,,,,,,50.0,50.0,,25.0,,,,,,,25.0,,30.0,,,,,,,,,-21.0,,,,10.0,,,40.0,,,,,,10.0,,,25.0,-21.0,,10.0,30.0,30.0,,,,,,,,,-21.0,,,,,,,,,,,,-21.0,,,25.0,10.0,,,,,25.0,,,,,,,,,,,,,25.0,-21.0,50.0,,,,75.0,25.0,,,,,,,25.0,,,,80.0,25.0,10.0,,,,,,80.0,-21.0,,105.0,-21.0,-21.0,-21.0,-21.0,,,,25.0
de daño de fuego,35.0,50.0,50.0,,,,50.0,50.0,50.0,50.0,50.0,50.0,50.0,50.0,50.0,,,32.0,32.0,50.0,50.0,50.0,57.0,57.0,32.0,,57.0,35.0,35.0,50.0,50.0,50.0,50.0,42.0,42.0,,,50.0,50.0,35.0,50.0,,57.0,50.0,32.0,35.0,60.0,75.0,90.0,50.0,50.0,,50.0,50.0,,50.0,57.0,32.0,32.0,65.0,65.0,50.0,42.0,65.0,50.0,65.0,50.0,59.0,25.0,25.0,,67.0,65.0,7.0,25.0,57.0,42.0,42.0,65.0,,62.0,62.0,42.0,42.0,67.0,67.0,92.0,72.0,,,65.0,42.0,65.0,50.0,,,,,65.0,65.0,50.0,62.0,62.0,62.0,62.0,62.0,62.0,62.0,62.0,62.0,84.0,52.0,65.0,65.0,42.0,42.0,57.0,,60.0,60.0,42.0,57.0,,,52.0,42.0,50.0,47.0,47.0,50.0,52.0,65.0,59.0,,,42.0,57.0,57.0,45.0,65.0,50.0,52.0,77.0,77.0,77.0,77.0,,42.0,71.0,65.0
de daño de tierra,12.0,12.0,12.0,12.0,12.0,12.0,12.0,12.0,12.0,12.0,12.0,12.0,12.0,24.0,24.0,12.0,12.0,32.0,32.0,,,,24.0,24.0,32.0,12.0,,20.0,20.0,,,,,19.0,19.0,,,12.0,12.0,12.0,12.0,12.0,,,32.0,12.0,37.0,52.0,55.0,12.0,12.0,,,12.0,8.0,,24.0,44.0,44.0,,,,19.0,27.0,12.0,30.0,24.0,,,,8.0,32.0,,7.0,,24.0,12.0,12.0,30.0,12.0,39.0,39.0,12.0,12.0,32.0,32.0,57.0,12.0,,,30.0,,12.0,,12.0,12.0,12.0,12.0,12.0,12.0,,39.0,39.0,39.0,39.0,39.0,39.0,39.0,39.0,39.0,49.0,,12.0,30.0,,,24.0,12.0,,,19.0,24.0,12.0,12.0,64.0,19.0,12.0,44.0,44.0,,,12.0,,12.0,12.0,19.0,,,,30.0,,,42.0,42.0,42.0,42.0,,19.0,52.0,12.0
de daño neutro,12.0,12.0,12.0,12.0,12.0,12.0,12.0,12.0,12.0,12.0,12.0,12.0,12.0,24.0,24.0,12.0,12.0,32.0,32.0,,,,24.0,24.0,32.0,12.0,,20.0,20.0,,,,,19.0,19.0,,,12.0,12.0,12.0,12.0,12.0,,,32.0,12.0,37.0,52.0,55.0,12.0,12.0,,,12.0,8.0,,24.0,44.0,44.0,,,,19.0,27.0,12.0,30.0,24.0,,,,8.0,32.0,,7.0,,24.0,12.0,12.0,30.0,12.0,39.0,39.0,12.0,12.0,32.0,32.0,57.0,12.0,,,30.0,,12.0,,12.0,12.0,12.0,12.0,12.0,12.0,,39.0,39.0,39.0,39.0,39.0,39.0,39.0,39.0,39.0,49.0,,12.0,30.0,,,24.0,12.0,,,19.0,24.0,12.0,12.0,64.0,19.0,12.0,44.0,44.0,,,12.0,,12.0,12.0,19.0,,,,30.0,,,42.0,42.0,42.0,42.0,,19.0,52.0,12.0
de resistencia a los críticos,30.0,45.0,45.0,30.0,30.0,30.0,45.0,45.0,45.0,45.0,45.0,45.0,45.0,45.0,45.0,15.0,15.0,15.0,15.0,30.0,30.0,30.0,45.0,45.0,15.0,30.0,45.0,15.0,15.0,30.0,15.0,30.0,30.0,30.0,30.0,45.0,45.0,15.0,15.0,30.0,45.0,30.0,30.0,15.0,15.0,30.0,30.0,15.0,,15.0,15.0,45.0,15.0,45.0,30.0,,45.0,15.0,15.0,50.0,30.0,,30.0,,30.0,,45.0,,30.0,30.0,30.0,,30.0,30.0,30.0,45.0,45.0,45.0,,30.0,60.0,60.0,45.0,45.0,,,,30.0,50.0,50.0,,30.0,15.0,15.0,30.0,30.0,30.0,30.0,,,15.0,60.0,60.0,60.0,60.0,105.0,60.0,60.0,60.0,60.0,,30.0,,,30.0,75.0,45.0,30.0,15.0,15.0,45.0,45.0,30.0,30.0,,30.0,15.0,,,15.0,30.0,,,30.0,30.0,45.0,30.0,75.0,15.0,15.0,15.0,15.0,45.0,45.0,45.0,45.0,50.0,30.0,,
de resistencia al empuje,105.0,85.0,85.0,155.0,125.0,125.0,85.0,85.0,85.0,85.0,85.0,85.0,85.0,85.0,85.0,125.0,125.0,55.0,55.0,85.0,85.0,85.0,85.0,85.0,55.0,105.0,85.0,105.0,105.0,85.0,85.0,155.0,85.0,75.0,75.0,55.0,55.0,85.0,85.0,105.0,85.0,105.0,85.0,100.0,55.0,105.0,105.0,105.0,105.0,85.0,85.0,55.0,85.0,85.0,55.0,85.0,85.0,55.0,55.0,85.0,85.0,85.0,75.0,85.0,85.0,105.0,85.0,85.0,55.0,55.0,55.0,55.0,85.0,55.0,55.0,85.0,55.0,55.0,105.0,105.0,55.0,55.0,55.0,55.0,55.0,55.0,55.0,85.0,75.0,75.0,105.0,55.0,85.0,100.0,105.0,105.0,105.0,105.0,100.0,85.0,100.0,55.0,55.0,55.0,55.0,55.0,55.0,55.0,125.0,55.0,55.0,55.0,125.0,175.0,55.0,55.0,85.0,105.0,85.0,85.0,55.0,85.0,105.0,105.0,55.0,55.0,85.0,55.0,55.0,100.0,55.0,125.0,85.0,105.0,105.0,75.0,55.0,55.0,95.0,75.0,100.0,55.0,85.0,55.0,85.0,55.0,75.0,55.0,55.0,125.0
de robo de aire,42.0,42.0,42.0,42.0,42.0,42.0,42.0,42.0,42.0,42.0,42.0,42.0,42.0,42.0,42.0,42.0,42.0,42.0,42.0,42.0,42.0,42.0,42.0,42.0,42.0,42.0,42.0,42.0,42.0,42.0,42.0,42.0,42.0,42.0,42.0,42.0,42.0,42.0,42.0,42.0,42.0,42.0,42.0,42.0,42.0,42.0,42.0,42.0,42.0,42.0,42.0,42.0,42.0,42.0,42.0,42.0,42.0,42.0,42.0,42.0,42.0,42.0,42.0,42.0,42.0,42.0,42.0,42.0,42.0,42.0,42.0,42.0,42.0,42.0,42.0,42.0,42.0,42.0,42.0,42.0,42.0,42.0,42.0,42.0,42.0,42.0,42.0,42.0,42.0,42.0,42.0,42.0,42.0,42.0,42.0,42.0,42.0,42.0,42.0,42.0,42.0,42.0,42.0,42.0,42.0,42.0,42.0,42.0,42.0,42.0,42.0,42.0,42.0,42.0,42.0,42.0,42.0,42.0,42.0,42.0,42.0,42.0,42.0,42.0,42.0,42.0,42.0,42.0,42.0,42.0,42.0,42.0,42.0,42.0,42.0,42.0,42.0,42.0,42.0,42.0,42.0,42.0,42.0,42.0,42.0,42.0,42.0,42.0,42.0,42.0
esquiva de PA,21.0,31.0,31.0,-5.0,-5.0,-5.0,31.0,31.0,31.0,31.0,31.0,31.0,31.0,31.0,31.0,-5.0,-5.0,-6.0,-6.0,36.0,36.0,36.0,25.0,25.0,-6.0,-5.0,36.0,15.0,15.0,36.0,36.0,36.0,36.0,21.0,21.0,6.0,6.0,36.0,36.0,21.0,31.0,-5.0,30.0,30.0,-1.0,21.0,21.0,15.0,20.0,36.0,36.0,6.0,30.0,31.0,,30.0,25.0,-6.0,-6.0,36.0,36.0,30.0,21.0,30.0,31.0,20.0,31.0,30.0,6.0,6.0,,14.0,36.0,,6.0,25.0,1.0,1.0,20.0,-5.0,9.0,9.0,1.0,1.0,14.0,14.0,14.0,30.0,,,10.0,6.0,30.0,30.0,-5.0,15.0,-5.0,-5.0,30.0,30.0,30.0,9.0,9.0,9.0,9.0,9.0,9.0,9.0,9.0,9.0,14.0,6.0,30.0,10.0,6.0,6.0,25.0,-5.0,36.0,36.0,21.0,25.0,-5.0,15.0,-6.0,15.0,44.0,-6.0,-6.0,30.0,6.0,30.0,30.0,-5.0,15.0,21.0,6.0,6.0,6.0,16.0,30.0,,14.0,14.0,14.0,14.0,,15.0,6.0,30.0
fuerza,230.0,160.0,160.0,160.0,160.0,160.0,160.0,160.0,160.0,160.0,160.0,160.0,160.0,200.0,200.0,230.0,160.0,290.0,290.0,100.0,100.0,100.0,200.0,200.0,290.0,160.0,100.0,330.0,330.0,100.0,160.0,100.0,100.0,220.0,220.0,160.0,160.0,200.0,200.0,230.0,280.0,160.0,100.0,100.0,290.0,220.0,220.0,290.0,280.0,200.0,200.0,100.0,100.0,280.0,220.0,170.0,200.0,360.0,360.0,100.0,100.0,160.0,220.0,270.0,340.0,280.0,200.0,160.0,170.0,170.0,160.0,290.0,100.0,100.0,160.0,200.0,220.0,220.0,280.0,160.0,290.0,290.0,220.0,220.0,290.0,290.0,290.0,140.0,100.0,100.0,280.0,160.0,140.0,100.0,160.0,160.0,160.0,160.0,140.0,140.0,100.0,290.0,290.0,290.0,290.0,290.0,290.0,290.0,290.0,290.0,250.0,160.0,140.0,280.0,160.0,160.0,200.0,160.0,160.0,160.0,160.0,200.0,160.0,160.0,360.0,160.0,140.0,360.0,360.0,100.0,160.0,140.0,160.0,220.0,220.0,160.0,160.0,160.0,100.0,280.0,100.0,160.0,280.0,280.0,280.0,280.0,100.0,160.0,290.0,140.0
huida,129.0,124.0,124.0,86.0,86.0,86.0,128.0,128.0,121.0,128.0,128.0,128.0,128.0,126.0,126.0,104.0,89.0,65.0,65.0,118.0,118.0,118.0,126.0,126.0,63.0,73.0,118.0,131.0,131.0,116.0,120.0,116.0,116.0,110.0,110.0,105.0,105.0,118.0,118.0,129.0,124.0,71.0,116.0,114.0,61.0,113.0,107.0,106.0,98.0,116.0,116.0,99.0,114.0,124.0,103.0,132.0,129.0,65.0,65.0,113.0,123.0,116.0,110.0,105.0,126.0,101.0,126.0,122.0,113.0,113.0,97.0,95.0,129.0,81.0,97.0,126.0,119.0,119.0,98.0,73.0,102.0,102.0,116.0,116.0,101.0,101.0,95.0,127.0,81.0,81.0,98.0,113.0,125.0,105.0,71.0,91.0,91.0,71.0,128.0,119.0,114.0,100.0,100.0,100.0,100.0,100.0,100.0,100.0,100.0,100.0,91.0,101.0,92.0,96.0,111.0,111.0,114.0,81.0,113.0,113.0,110.0,120.0,79.0,79.0,68.0,102.0,111.0,83.0,83.0,102.0,104.0,80.0,113.0,78.0,78.0,96.0,118.0,118.0,76.0,94.0,108.0,93.0,86.0,86.0,86.0,86.0,81.0,96.0,65.0,86.0
iniciativa,3531.0,4001.0,4001.0,3416.0,3416.0,3416.0,4041.0,4041.0,3971.0,4041.0,4041.0,3641.0,3641.0,3601.0,3601.0,3516.0,3516.0,3246.0,3246.0,3951.0,3951.0,3951.0,3686.0,3686.0,3526.0,3806.0,3571.0,3656.0,3656.0,3931.0,4091.0,3931.0,3931.0,3541.0,3541.0,3381.0,3381.0,3651.0,3651.0,3531.0,4121.0,3766.0,4016.0,3916.0,3806.0,3571.0,3511.0,3946.0,3976.0,3631.0,3631.0,3201.0,3976.0,4121.0,3426.0,4076.0,3716.0,3566.0,3566.0,3971.0,4371.0,4116.0,3541.0,3966.0,4261.0,4006.0,3601.0,3776.0,3751.0,3751.0,3246.0,4426.0,4431.0,3326.0,3791.0,3686.0,3291.0,3291.0,3976.0,3806.0,3906.0,3906.0,3261.0,3261.0,4486.0,4486.0,4426.0,4076.0,3326.0,3326.0,3976.0,3241.0,4436.0,3466.0,3766.0,3766.0,3766.0,3886.0,4076.0,4086.0,3916.0,3886.0,3886.0,3956.0,3886.0,3886.0,3956.0,3886.0,3886.0,3886.0,4006.0,3221.0,3946.0,3956.0,3221.0,3221.0,3566.0,3686.0,4121.0,4121.0,3421.0,3626.0,3646.0,3646.0,3216.0,3806.0,3581.0,3376.0,3376.0,3796.0,3251.0,3826.0,3686.0,4106.0,4106.0,3281.0,3661.0,3661.0,3431.0,3931.0,3856.0,3246.0,3856.0,3856.0,3856.0,3856.0,3386.0,3746.0,3596.0,3886.0
inteligencia,300.0,380.0,380.0,100.0,100.0,100.0,380.0,380.0,380.0,380.0,380.0,380.0,380.0,380.0,380.0,100.0,100.0,290.0,290.0,380.0,380.0,380.0,460.0,460.0,290.0,100.0,460.0,300.0,300.0,380.0,380.0,380.0,380.0,360.0,360.0,160.0,160.0,380.0,440.0,300.0,380.0,100.0,460.0,380.0,290.0,360.0,360.0,430.0,480.0,440.0,440.0,100.0,380.0,380.0,160.0,380.0,460.0,290.0,290.0,450.0,450.0,440.0,360.0,510.0,380.0,480.0,380.0,500.0,230.0,230.0,100.0,490.0,450.0,100.0,290.0,460.0,430.0,430.0,480.0,100.0,430.0,430.0,430.0,430.0,490.0,490.0,490.0,530.0,100.0,100.0,480.0,430.0,450.0,380.0,100.0,100.0,100.0,220.0,450.0,450.0,380.0,430.0,430.0,500.0,430.0,430.0,500.0,430.0,430.0,430.0,450.0,470.0,450.0,480.0,430.0,430.0,460.0,100.0,430.0,430.0,300.0,460.0,100.0,100.0,290.0,300.0,380.0,370.0,370.0,380.0,470.0,450.0,500.0,160.0,160.0,300.0,500.0,500.0,330.0,480.0,380.0,470.0,480.0,480.0,480.0,480.0,100.0,300.0,390.0,450.0
invocaciones,3.0,3.0,3.0,2.0,4.0,4.0,3.0,3.0,3.0,3.0,3.0,3.0,3.0,3.0,3.0,4.0,4.0,3.0,3.0,3.0,3.0,3.0,2.0,2.0,2.0,3.0,3.0,2.0,2.0,3.0,3.0,3.0,3.0,3.0,3.0,1.0,1.0,3.0,3.0,3.0,3.0,3.0,2.0,2.0,2.0,3.0,3.0,2.0,2.0,3.0,3.0,1.0,2.0,3.0,0.0,2.0,2.0,2.0,2.0,3.0,3.0,2.0,3.0,2.0,3.0,2.0,3.0,2.0,2.0,2.0,0.0,3.0,3.0,1.0,2.0,2.0,3.0,3.0,2.0,3.0,4.0,4.0,3.0,3.0,3.0,3.0,3.0,2.0,1.0,1.0,2.0,3.0,2.0,2.0,3.0,3.0,3.0,3.0,2.0,2.0,2.0,4.0,4.0,4.0,4.0,4.0,4.0,4.0,4.0,4.0,3.0,3.0,2.0,2.0,3.0,3.0,2.0,3.0,3.0,3.0,4.0,2.0,3.0,3.0,4.0,3.0,3.0,2.0,2.0,2.0,3.0,2.0,2.0,1.0,1.0,3.0,3.0,3.0,3.0,3.0,2.0,2.0,4.0,4.0,4.0,4.0,1.0,3.0,5.0,2.0
placaje,150.0,155.0,155.0,161.0,169.0,169.0,159.0,159.0,152.0,159.0,159.0,154.0,154.0,152.0,152.0,172.0,172.0,179.0,179.0,156.0,156.0,156.0,152.0,152.0,177.0,164.0,151.0,152.0,152.0,154.0,158.0,154.0,154.0,156.0,156.0,155.0,155.0,151.0,161.0,150.0,155.0,162.0,154.0,152.0,175.0,159.0,153.0,158.0,157.0,159.0,159.0,153.0,152.0,155.0,153.0,155.0,155.0,174.0,174.0,151.0,151.0,164.0,156.0,154.0,157.0,160.0,192.0,159.0,151.0,151.0,151.0,167.0,157.0,155.0,160.0,192.0,155.0,155.0,157.0,164.0,152.0,152.0,152.0,152.0,173.0,173.0,167.0,150.0,155.0,155.0,157.0,156.0,153.0,168.0,162.0,162.0,162.0,162.0,151.0,152.0,172.0,150.0,150.0,150.0,150.0,150.0,150.0,150.0,150.0,150.0,157.0,150.0,165.0,155.0,154.0,154.0,180.0,152.0,151.0,151.0,156.0,186.0,150.0,150.0,182.0,153.0,176.0,170.0,170.0,180.0,153.0,153.0,150.0,151.0,151.0,182.0,151.0,151.0,160.0,153.0,166.0,152.0,153.0,163.0,153.0,163.0,155.0,197.0,189.0,159.0
potencia (daños generales),180.0,220.0,220.0,220.0,220.0,220.0,220.0,220.0,290.0,220.0,220.0,220.0,220.0,235.0,235.0,180.0,180.0,180.0,180.0,220.0,220.0,220.0,235.0,235.0,180.0,180.0,220.0,180.0,180.0,220.0,180.0,220.0,220.0,220.0,220.0,380.0,380.0,195.0,195.0,180.0,220.0,180.0,220.0,220.0,180.0,180.0,180.0,180.0,180.0,195.0,195.0,415.0,220.0,140.0,380.0,180.0,155.0,180.0,180.0,220.0,220.0,180.0,220.0,275.0,100.0,180.0,155.0,180.0,210.0,210.0,415.0,260.0,140.0,335.0,210.0,155.0,210.0,210.0,180.0,100.0,280.0,280.0,280.0,280.0,180.0,180.0,180.0,155.0,335.0,335.0,180.0,210.0,155.0,140.0,100.0,100.0,100.0,100.0,115.0,115.0,140.0,280.0,280.0,280.0,280.0,280.0,280.0,280.0,280.0,280.0,220.0,280.0,175.0,180.0,210.0,210.0,235.0,180.0,100.0,100.0,160.0,155.0,180.0,180.0,250.0,230.0,145.0,180.0,180.0,220.0,210.0,255.0,180.0,180.0,180.0,260.0,210.0,210.0,270.0,180.0,140.0,210.0,280.0,280.0,280.0,280.0,255.0,260.0,170.0,175.0
prospección,85.0,101.0,101.0,116.0,116.0,116.0,101.0,101.0,101.0,101.0,101.0,91.0,91.0,85.0,85.0,101.0,108.0,96.0,96.0,101.0,101.0,101.0,70.0,70.0,86.0,93.0,85.0,70.0,70.0,101.0,107.0,101.0,101.0,70.0,70.0,56.0,56.0,91.0,70.0,85.0,101.0,91.0,86.0,101.0,86.0,85.0,85.0,100.0,85.0,70.0,70.0,56.0,92.0,101.0,41.0,77.0,70.0,86.0,86.0,86.0,101.0,77.0,70.0,85.0,107.0,85.0,85.0,67.0,84.0,84.0,41.0,86.0,101.0,66.0,84.0,70.0,89.0,89.0,85.0,93.0,95.0,95.0,89.0,89.0,86.0,86.0,86.0,70.0,66.0,66.0,85.0,89.0,86.0,85.0,91.0,91.0,91.0,91.0,77.0,62.0,101.0,95.0,95.0,95.0,95.0,95.0,95.0,95.0,95.0,95.0,86.0,74.0,55.0,85.0,89.0,89.0,70.0,93.0,112.0,112.0,85.0,70.0,91.0,91.0,93.0,86.0,85.0,108.0,108.0,101.0,74.0,55.0,67.0,86.0,86.0,85.0,89.0,89.0,90.0,85.0,101.0,59.0,80.0,80.0,80.0,80.0,72.0,86.0,61.0,55.0
sabiduría,405.0,405.0,405.0,420.0,410.0,410.0,405.0,405.0,405.0,405.0,405.0,365.0,365.0,405.0,405.0,410.0,410.0,320.0,320.0,405.0,405.0,405.0,400.0,400.0,350.0,390.0,405.0,360.0,360.0,405.0,405.0,405.0,405.0,405.0,405.0,455.0,455.0,405.0,405.0,405.0,405.0,380.0,400.0,400.0,350.0,405.0,405.0,360.0,370.0,405.0,405.0,415.0,360.0,405.0,410.0,360.0,400.0,360.0,360.0,405.0,405.0,360.0,405.0,360.0,405.0,370.0,405.0,320.0,385.0,385.0,370.0,340.0,405.0,380.0,385.0,400.0,395.0,395.0,370.0,390.0,330.0,330.0,395.0,395.0,340.0,340.0,340.0,400.0,365.0,365.0,370.0,395.0,400.0,360.0,380.0,380.0,380.0,380.0,400.0,360.0,400.0,330.0,330.0,330.0,330.0,330.0,330.0,330.0,330.0,330.0,380.0,395.0,380.0,370.0,395.0,395.0,400.0,390.0,405.0,405.0,405.0,400.0,380.0,380.0,380.0,400.0,395.0,370.0,370.0,400.0,395.0,380.0,320.0,410.0,410.0,405.0,395.0,395.0,415.0,375.0,400.0,350.0,340.0,340.0,340.0,340.0,365.0,400.0,320.0,380.0
suerte,100.0,160.0,160.0,160.0,160.0,160.0,160.0,160.0,160.0,160.0,160.0,160.0,160.0,100.0,100.0,160.0,230.0,260.0,260.0,160.0,160.0,160.0,100.0,100.0,160.0,230.0,100.0,100.0,100.0,160.0,220.0,160.0,160.0,100.0,100.0,160.0,160.0,160.0,100.0,100.0,160.0,210.0,160.0,160.0,160.0,100.0,100.0,100.0,100.0,100.0,100.0,160.0,220.0,160.0,160.0,220.0,100.0,160.0,160.0,160.0,160.0,220.0,100.0,100.0,220.0,100.0,100.0,220.0,290.0,290.0,160.0,160.0,160.0,260.0,290.0,100.0,290.0,290.0,100.0,230.0,100.0,100.0,290.0,290.0,160.0,160.0,160.0,100.0,260.0,260.0,100.0,290.0,160.0,100.0,210.0,210.0,210.0,210.0,170.0,170.0,160.0,100.0,100.0,100.0,100.0,100.0,100.0,100.0,100.0,100.0,160.0,290.0,100.0,100.0,290.0,290.0,100.0,230.0,270.0,270.0,100.0,100.0,210.0,210.0,230.0,160.0,100.0,230.0,230.0,160.0,290.0,100.0,220.0,160.0,160.0,100.0,290.0,290.0,350.0,100.0,160.0,290.0,100.0,100.0,100.0,100.0,320.0,160.0,160.0,100.0
vitalidad,4250.0,4200.0,4200.0,4700.0,4700.0,4700.0,4200.0,4200.0,4600.0,4200.0,4200.0,4200.0,4200.0,4200.0,4200.0,4700.0,4700.0,4350.0,4350.0,4250.0,4250.0,4250.0,4250.0,4250.0,4400.0,4700.0,4300.0,4150.0,4250.0,4250.0,4250.0,4250.0,4250.0,4200.0,4200.0,4900.0,4900.0,4250.0,4250.0,4250.0,4200.0,4640.0,4300.0,4300.0,4300.0,4250.0,4250.0,4300.0,4300.0,4250.0,4450.0,4850.0,4250.0,4200.0,4900.0,4250.0,4250.0,4350.0,4350.0,4200.0,4200.0,4250.0,4200.0,4300.0,4200.0,4300.0,4200.0,4300.0,4550.0,4550.0,4850.0,4350.0,4200.0,4850.0,4550.0,4250.0,4450.0,4450.0,4300.0,4700.0,4300.0,4200.0,4850.0,4850.0,4350.0,4250.0,4350.0,4250.0,4900.0,4900.0,4300.0,4500.0,4200.0,4350.0,4640.0,4640.0,4800.0,4640.0,4250.0,4250.0,4300.0,4200.0,4400.0,4200.0,4200.0,4200.0,4300.0,4200.0,4200.0,4200.0,4300.0,4800.0,4300.0,4300.0,4500.0,4500.0,4250.0,4860.0,4200.0,4200.0,4200.0,4150.0,4640.0,4640.0,4350.0,4200.0,4200.0,4300.0,4300.0,4500.0,4400.0,4300.0,4500.0,4700.0,4700.0,4200.0,4450.0,4450.0,4400.0,4250.0,4500.0,4450.0,4500.0,4300.0,4300.0,4500.0,4900.0,4200.0,4350.0,4300.0
Fitness,833.0200000000001,851.82,851.82,849.72,849.72,849.72,848.62,848.62,848.62,848.62,848.62,846.62,846.62,846.52,846.52,845.52,845.52,845.12,845.12,844.02,844.02,844.02,840.62,840.62,839.72,839.32,839.02,836.52,836.52,835.62,835.62,835.62,835.62,835.0200000000001,835.0200000000001,835.02,835.02,833.52,833.52,833.0200000000001,831.82,830.92,829.72,829.32,829.32,828.82,828.62,826.5200000000001,825.32,825.12,825.12,824.52,824.32,822.22,821.72,820.12,819.62,819.12,819.12,818.0200000000001,818.0200000000001,815.92,815.0200000000001,814.62,813.82,812.92,812.92,812.92,811.82,811.82,811.22,810.32,809.62,808.4200000000001,807.62,807.0200000000001,806.62,806.62,806.32,805.72,803.72,803.72,803.4200000000001,803.4200000000001,801.92,801.92,801.72,801.62,801.4200000000001,801.4200000000001,800.32,798.82,798.22,797.92,797.32,797.32,797.32,797.32,797.0200000000001,796.22,795.72,795.32,795.32,795.32,795.32,795.32,795.32,795.32,795.32,795.32,793.72,793.0200000000001,792.0200000000001,791.92,790.42,790.42,790.22,788.92,786.62,786.62,784.82,781.82,780.52,780.52,780.12,779.72,779.52,779.32,779.32,778.92,776.22,775.22,775.12,774.32,774.32,773.02,772.82,772.82,772.82,771.42,770.52,769.12,768.92,768.92,768.92,768.92,767.82,767.12,766.92,766.82
Weapon,Tintarela picuda,Tintarela picuda,Tintarela picuda,Tintarela picuda,Tintarela picuda,Tintarela picuda,Tintarela picuda,Tintarela picuda,Tintarela picuda,Tintarela picuda,Tintarela picuda,Tintarela picuda,Tintarela picuda,Tintarela picuda,Tintarela picuda,Tintarela picuda,Tintarela picuda,Tintarela picuda,Tintarela picuda,Tintarela picuda,Tintarela picuda,Tintarela picuda,Tintarela picuda,Tintarela picuda,Tintarela picuda,Tintarela picuda,Tintarela picuda,Tintarela picuda,Tintarela picuda,Tintarela picuda,Tintarela picuda,Tintarela picuda,Tintarela picuda,Tintarela picuda,Tintarela picuda,Tintarela picuda,Tintarela picuda,Tintarela picuda,Tintarela picuda,Tintarela picuda,Tintarela picuda,Tintarela picuda,Tintarela picuda,Tintarela picuda,Tintarela picuda,Tintarela picuda,Tintarela picuda,Tintarela picuda,Tintarela picuda,Tintarela picuda,Tintarela picuda,Tintarela picuda,Tintarela picuda,Tintarela picuda,Tintarela picuda,Tintarela picuda,Tintarela picuda,Tintarela picuda,Tintarela picuda,Tintarela picuda,Tintarela picuda,Tintarela picuda,Tintarela picuda,Tintarela picuda,Tintarela picuda,Tintarela picuda,Tintarela picuda,Tintarela picuda,Tintarela picuda,Tintarela picuda,Tintarela picuda,Tintarela picuda,Tintarela picuda,Tintarela picuda,Tintarela picuda,Tintarela picuda,Tintarela picuda,Tintarela picuda,Tintarela picuda,Tintarela picuda,Tintarela picuda,Tintarela picuda,Tintarela picuda,Tintarela picuda,Tintarela picuda,Tintarela picuda,Tintarela picuda,Tintarela picuda,Tintarela picuda,Tintarela picuda,Tintarela picuda,Tintarela picuda,Tintarela picuda,Tintarela picuda,Tintarela picuda,Tintarela picuda,Tintarela picuda,Tintarela picuda,Tintarela picuda,Tintarela picuda,Tintarela picuda,Tintarela picuda,Tintarela picuda,Tintarela picuda,Tintarela picuda,Tintarela picuda,Tintarela picuda,Tintarela picuda,Tintarela picuda,Tintarela picuda,Tintarela picuda,Tintarela picuda,Tintarela picuda,Tintarela picuda,Tintarela picuda,Tintarela picuda,Tintarela picuda,Tintarela picuda,Tintarela picuda,Tintarela picuda,Tintarela picuda,Tintarela picuda,Tintarela picuda,Tintarela picuda,Tintarela picuda,Tintarela picuda,Tintarela picuda,Tintarela picuda,Tintarela picuda,Tintarela picuda,Tintarela picuda,Tintarela picuda,Tintarela picuda,Tintarela picuda,Tintarela picuda,Tintarela picuda,Tintarela picuda,Tintarela picuda,Tintarela picuda,Tintarela picuda,Tintarela picuda,Tintarela picuda,Tintarela picuda,Tintarela picuda,Tintarela picuda,Tintarela picuda,Tintarela picuda,Tintarela picuda,Tintarela picuda,Tintarela picuda
Weapon damage,833.0200000000001,851.82,851.82,849.72,849.72,849.72,848.62,848.62,848.62,848.62,848.62,846.62,846.62,846.52,846.52,845.52,845.52,845.12,845.12,844.02,844.02,844.02,840.62,840.62,839.72,839.32,839.02,836.52,836.52,835.62,835.62,835.62,835.62,835.0200000000001,835.0200000000001,835.02,835.02,833.52,833.52,833.0200000000001,831.82,830.92,829.72,829.32,829.32,828.82,828.62,826.5200000000001,825.32,825.12,825.12,824.52,824.32,822.22,821.72,820.12,819.62,819.12,819.12,818.0200000000001,818.0200000000001,815.92,815.0200000000001,814.62,813.82,812.92,812.92,812.92,811.82,811.82,811.22,810.32,809.62,808.4200000000001,807.62,807.0200000000001,806.62,806.62,806.32,805.72,803.72,803.72,803.4200000000001,803.4200000000001,801.92,801.92,801.72,801.62,801.4200000000001,801.4200000000001,800.32,798.82,798.22,797.92,797.32,797.32,797.32,797.32,797.0200000000001,796.22,795.72,795.32,795.32,795.32,795.32,795.32,795.32,795.32,795.32,795.32,793.72,793.0200000000001,792.0200000000001,791.92,790.42,790.42,790.22,788.92,786.62,786.62,784.82,781.82,780.52,780.52,780.12,779.72,779.52,779.32,779.32,778.92,776.22,775.22,775.12,774.32,774.32,773.02,772.82,772.82,772.82,771.42,770.52,769.12,768.92,768.92,768.92,768.92,767.82,767.12,766.92,766.82
Weapon AP cost,5,5,5,5,5,5,5,5,5,5,5,5,5,5,5,5,5,5,5,5,5,5,5,5,5,5,5,5,5,5,5,5,5,5,5,5,5,5,5,5,5,5,5,5,5,5,5,5,5,5,5,5,5,5,5,5,5,5,5,5,5,5,5,5,5,5,5,5,5,5,5,5,5,5,5,5,5,5,5,5,5,5,5,5,5,5,5,5,5,5,5,5,5,5,5,5,5,5,5,5,5,5,5,5,5,5,5,5,5,5,5,5,5,5,5,5,5,5,5,5,5,5,5,5,5,5,5,5,5,5,5,5,5,5,5,5,5,5,5,5,5,5,5,5,5,5,5,5,5,5
Weapon casts per turn,1,1,1,1,1,1,1,1,1,1,1,1,1,1,1,1,1,1,1,1,1,1,1,1,1,1,1,1,1,1,1,1,1,1,1,1,1,1,1,1,1,1,1,1,1,1,1,1,1,1,1,1,1,1,1,1,1,1,1,1,1,1,1,1,1,1,1,1,1,1,1,1,1,1,1,1,1,1,1,1,1,1,1,1,1,1,1,1,1,1,1,1,1,1,1,1,1,1,1,1,1,1,1,1,1,1,1,1,1,1,1,1,1,1,1,1,1,1,1,1,1,1,1,1,1,1,1,1,1,1,1,1,1,1,1,1,1,1,1,1,1,1,1,1,1,1,1,1,1,1
Spell damage,463.20000000000005,473.20000000000005,473.20000000000005,472.2,472.2,472.2,461.2,461.2,461.2,461.2,461.2,459.2,459.2,460.2,460.2,470.2,470.2,474.2,474.2,463.2,463.2,463.2,453.2,453.2,473.2,466.20000000000005,458.2,461.2,461.2,459.2,459.2,459.2,459.2,465.20000000000005,465.20000000000005,443.2,443.2,458.2,458.2,463.20000000000005,453.20000000000005,462.19999999999993,452.2,456.20000000000005,467.20000000000005,461.20000000000005,474.2,473.20000000000005,474.20000000000005,454.2,454.2,438.2,451.20000000000005,461.2,433.2,449.2,443.2,459.2,459.2,448.20000000000005,448.20000000000005,447.19999999999993,445.20000000000005,449.2,457.20000000000005,455.19999999999993,444.19999999999993,444.19999999999993,444.20000000000005,444.20000000000005,428.2,448.20000000000005,444.2,434.20000000000005,442.2,437.20000000000005,441.2,441.2,455.20000000000005,450.2,437.2,437.2,429.20000000000005,429.20000000000005,444.19999999999993,444.19999999999993,457.2,436.2,427.20000000000005,427.20000000000005,449.20000000000005,431.20000000000005,437.2,440.19999999999993,446.20000000000005,446.20000000000005,446.20000000000005,446.20000000000005,438.20000000000005,435.2,440.2,433.20000000000005,433.20000000000005,433.20000000000005,433.20000000000005,433.20000000000005,433.20000000000005,433.20000000000005,433.20000000000005,433.20000000000005,449.2,423.20000000000005,433.20000000000005,445.2,427.19999999999993,427.19999999999993,429.2,442.2,443.2,443.2,428.20000000000005,425.20000000000005,438.2,438.2,431.2,424.2,448.2,428.20000000000005,428.20000000000005,432.2,415.2,425.2,426.2,434.20000000000005,434.20000000000005,425.2,416.20000000000005,416.20000000000005,416.20000000000005,430.2,428.2,409.2,422.2,422.2,422.2,422.2,411.20000000000005,418.2,431.2,421.20000000000005
al retiro de PM,,10.0,10.0,10.0,10.0,10.0,10.0,10.0,10.0,10.0,10.0,10.0,10.0,10.0,10.0,,,6.0,6.0,10.0,10.0,10.0,10.0,10.0,6.0,6.0,10.0,18.0,18.0,40.0,,10.0,10.0,,,,,,,,10.0,13.0,10.0,10.0,6.0,,,,,,,,40.0,10.0,8.0,30.0,10.0,6.0,6.0,10.0,10.0,30.0,,,,,10.0,30.0,23.0,23.0,8.0,,10.0,,23.0,10.0,24.0,24.0,,6.0,20.0,20.0,24.0,24.0,,,,10.0,,,,24.0,10.0,10.0,13.0,13.0,13.0,13.0,,,10.0,20.0,20.0,20.0,20.0,20.0,20.0,20.0,20.0,50.0,,29.0,,,24.0,24.0,10.0,6.0,,,10.0,10.0,29.0,13.0,,10.0,,,,10.0,29.0,,30.0,22.0,6.0,10.0,24.0,24.0,29.0,,10.0,29.0,20.0,20.0,20.0,20.0,,10.0,5.0,
de daño de agua,,12.0,12.0,12.0,12.0,12.0,12.0,12.0,12.0,12.0,12.0,10.0,10.0,,,12.0,12.0,27.0,27.0,12.0,12.0,12.0,,,12.0,12.0,,,,12.0,12.0,12.0,12.0,7.0,7.0,12.0,12.0,,,,12.0,12.0,12.0,12.0,12.0,,25.0,25.0,25.0,,,12.0,22.0,12.0,12.0,22.0,,12.0,12.0,12.0,12.0,22.0,7.0,,12.0,,,19.0,37.0,37.0,12.0,12.0,12.0,34.0,37.0,,35.0,35.0,,12.0,,,35.0,35.0,12.0,12.0,37.0,,27.0,27.0,,35.0,12.0,,12.0,12.0,12.0,12.0,,,12.0,,,,,,,,,,44.0,35.0,,,35.0,35.0,,12.0,22.0,22.0,7.0,,12.0,12.0,32.0,19.0,,12.0,12.0,12.0,35.0,,19.0,12.0,12.0,7.0,35.0,35.0,47.0,,12.0,35.0,,,,,27.0,19.0,29.0,
al retiro de PA,,,,7.0,,,,,,,,,,,,,,,,,,,,,6.0,,,,,,,,,,,,,,,,,7.0,,,6.0,,,,,,,7.0,,,,,,6.0,6.0,5.0,,,,,,,,,,,7.0,,,7.0,,,,,,,,,,,,,,,7.0,7.0,,,,,7.0,7.0,7.0,7.0,,,,,,,30.0,,,,,,,,,,,,,,7.0,7.0,,,7.0,7.0,6.0,,,6.0,6.0,,,,,6.0,6.0,,,,,,,,,16.0,,16.0,7.0,,,
% daños CaC,,,,,,,,,,,,,,,,,,,,,,,,,,,,,,,,,,,,4.0,4.0,,,,,,,,,,,,,,,4.0,,,4.0,,,,,,,,,,,,,,,,4.0,,,4.0,,,,,,,,,,,,,,,4.0,4.0,,,,,,,,,,,,,,,,,,,,,,,,,,,,,,,,,,,,,,,,,,,,,,,,,,,,,,,,,4.0,,,
de daño crítico,,,,,,,,,,,,,,,,,,,,,,,,,,,,,,,,,,,,-5.0,-5.0,,,,,,,,,,,,10.0,,,-5.0,,,-5.0,,,,,,,,,,,10.0,,9.0,15.0,15.0,-5.0,,,25.0,15.0,,15.0,15.0,10.0,,,,15.0,15.0,,,,,25.0,25.0,10.0,15.0,,,,,,,,,,,,,,,,,,,,15.0,,10.0,15.0,15.0,,,10.0,10.0,10.0,,,,,10.0,,,,,15.0,,9.0,,,,15.0,15.0,15.0,10.0,,15.0,10.0,10.0,10.0,10.0,25.0,10.0,9.0,
% resistencia distancia,,,,,,,,,,,,,,,,,,,,,,,,,,,,,,,,,,,,,,,,,,4.0,,,,,,,,,,,,,,,,,,,,,,,,,,,,,,,,,,,,,,,,,,,,,,,,,,,,,4.0,4.0,4.0,4.0,,,,,,,,,,,,,,,10.0,,,,,,,,,,4.0,4.0,,,,,,,,10.0,,,,,,,10.0,,,,,,,,,,,10.0
de resistencia al agua,,,,,,,,,,,,,,,,,,,,,,,,,,,,,,,,,,,,,,,,,,,,,15.0,,,,,,,,,,,,,,,,,,,,,,,,,,,,,,,,,,,6.0,,,,,,,,,,,,,,,,,,,,,,,,,,,,,,,,,,,,,,,,,20.0,,,,,20.0,,,,,,,,,,,,,,,,,,,,,,20.0,,
de resistencia al neutro,,,,,,,,,,,,,,,,,,,,,,,,,,,,,,,,,,,,,,,,,,,,,15.0,,,,,,,,,,,,,,,,,,,,,,,,,,,,,,,,,,,,,,,,,,,,,,,,,,,,,,,,,,,,,,,,,,,,,,,,,,,,,,,,,,,,,,,,,,,,,,,,,,,,,,,,,
de resistencia a la tierra,,,,,,,,,,,,,,,,,,,,,,,,,,,,,,,,,,,,,,,,,,,,,,,,,15.0,,,,,,,,,,,,,,,,,15.0,,,,,,,,,,,,,15.0,,,,,,,,,,,,15.0,,,,,,,,,,,,,,,,,,,,,,,15.0,,,,,,,,,,,,,,,,,,,,,,,,,,15.0,,,15.0,15.0,15.0,15.0,,,,
de daños devueltos,,,,,,,,,,,,,,,,,,,,,,,,,,,,,,,,,,,,,,,,,,,,,,,,,,,,28.0,,,,,,,,,,,,,,,,,,,28.0,,,28.0,,,,,,,,,,,,,,,28.0,28.0,,,,,,,,,,,,,,,,,,,,,,,,,,,,,,,,,,,,,,,,,,,,,,,,,,,,,,,,,28.0,,,
de daño,,,,,,,,,,,,,,,,,,,,,,,,,,,,,,,,,,,,,,,,,,,,,,,,,,,,,,,,,,,,,,,,,,,,,,,,,,,,,,,,,5.0,5.0,,,,,,,,,,,,,,,,,,,,5.0,5.0,5.0,5.0,5.0,5.0,5.0,5.0,5.0,,,,,,,,,,,,,,,,,,,,,,,,,,,,,,,,,5.0,5.0,5.0,5.0,,,,
de resistencia al aire,,,,,,,,,,,,,,,,,,,,,,,,,,,,,,,,,,,,,,,,,,,,,,,,,,,,,,,,,,,,,,,,,,,,,,,,,,,,,,,,,,,,,,,,,,,,,,,,,,,,,,,,,,,,,,,,,,,,,,,,,20.0,,,,,100.0,,,,,,,,,,,,,,,,,,,,,,20.0,,
